{
  "zero_shot_tier2": {
    "proved": 10,
    "available": 12,
    "rate": 0.8333333333333334
  },
  "retrained_tier2": {
    "proved": 10,
    "available": 12,
    "rate": 0.8333333333333334
  },
  "retrained_tier3": {
    "proved": 5,
    "available": 6,
    "rate": 0.8333333333333334
  },
  "retrained_all": {
    "proved": 27,
    "available": 30,
    "rate": 0.9
  }
}